{
  "best_speculation_layers": [
    8,
    10,
    13,
    18,
    19
  ],
  "layer_accuracies": {
    "0": 0.38271604938271603,
    "1": 0.28205128205128205,
    "2": 0.32051282051282054,
    "3": 0.345679012345679,
    "4": 0.36363636363636365,
    "5": 0.3116883116883117,
    "6": 0.3950617283950617,
    "7": 0.35802469135802467,
    "8": 0.4878048780487805,
    "9": 0.325,
    "10": 0.4375,
    "11": 0.3375,
    "12": 0.3333333333333333,
    "13": 0.43209876543209874,
    "14": 0.4024390243902439,
    "15": 0.30864197530864196,
    "16": 0.358974358974359,
    "17": 0.34615384615384615,
    "18": 0.5185185185185185,
    "19": 0.43209876543209874,
    "20": 0.345679012345679,
    "21": 0.3950617283950617,
    "22": 0.358974358974359,
    "23": 0.3333333333333333,
    "24": 0.34177215189873417,
    "25": 0.3875,
    "26": 0.35443037974683544,
    "27": 0.31645569620253167,
    "28": 0.35,
    "29": 0.38271604938271603,
    "30": 0.38461538461538464
  },
  "opportunity_scores": {
    "30": 67.6923076923077,
    "22": 65.44871794871796,
    "27": 63.164556962025316,
    "9": 61.5625,
    "5": 57.4025974025974,
    "25": 57.1875,
    "8": 52.6219512195122,
    "14": 52.01219512195122,
    "24": 51.32911392405063,
    "20": 50.24691358024691,
    "3": 48.39506172839506,
    "10": 45.625,
    "2": 44.679487179487175,
    "7": 44.382716049382715,
    "21": 44.382716049382715,
    "11": 42.5,
    "4": 39.02597402597402,
    "18": 37.96296296296296,
    "0": 37.839506172839506,
    "23": 36.47435897435897,
    "15": 31.17283950617284,
    "13": 30.864197530864196,
    "29": 29.320987654320984,
    "16": 28.525641025641026,
    "6": 28.086419753086417,
    "17": 25.96153846153846,
    "26": 25.31645569620253,
    "1": 24.67948717948718,
    "19": 23.456790123456788,
    "12": 22.22222222222222,
    "28": 21.25
  },
  "concentrated_layers": [
    2,
    3,
    5,
    7,
    8,
    9,
    10,
    11,
    14,
    20,
    21,
    22,
    24,
    25,
    27,
    30,
    31
  ],
  "uniform_layers": [
    0,
    4,
    5,
    9,
    22,
    23,
    25,
    27,
    30,
    31
  ],
  "high_correlation_layers": [
    15
  ],
  "recommendations": {
    "confidence_threshold": 0.75,
    "expected_accuracy_when_filtered": 0.45,
    "estimated_speedup": "1.1-1.2x"
  }
}